Mes;Precio interno;;;;;;;;;;;;;;;
ene-44;44;;;;;;;;;;;;;;;
feb-44;44;;;;;;;;;;;;;;;
mar-44;47;;;;;;;;;;;;;;;
abr-44;47;;;;;;;;;;;;;;;
may-44;47;;;;;;;;;;;;;;;
jun-44;48;;;;;;;;;;;;;;;
jul-44;49;;;;;;;;;;;;;;;
ago-44;49;;;;;;;;;;;;;;;
sep-44;51;;;;;;;;;;;;;;;
oct-44;51;;;;;;;;;;;;;;;
nov-44;51;;;;;;;;;;;;;;;
dic-44;51;;;;;;;;;;;;;;;
ene-45;51;;;;;;;;;;;;;;;
feb-45;52;;;;;;;;;;;;;;;
mar-45;52;;;;;;;;;;;;;;;
abr-45;52;;;;;;;;;;;;;;;
may-45;52;;;;;;;;;;;;;;;
jun-45;52;;;;;;;;;;;;;;;
jul-45;52;;;;;;;;;;;;;;;
ago-45;52;;;;;;;;;;;;;;;
sep-45;52;;;;;;;;;;;;;;;
oct-45;52;;;;;;;;;;;;;;;
nov-45;56;;;;;;;;;;;;;;;
dic-45;63;;;;;;;;;;;;;;;
ene-46;63;;;;;;;;;;;;;;;
feb-46;63;;;;;;;;;;;;;;;
mar-46;63;;;;;;;;;;;;;;;
abr-46;63;;;;;;;;;;;;;;;
may-46;63;;;;;;;;;;;;;;;
jun-46;64;;;;;;;;;;;;;;;
jul-46;72;;;;;;;;;;;;;;;
ago-46;80;;;;;;;;;;;;;;;
sep-46;80;;;;;;;;;;;;;;;
oct-46;80;;;;;;;;;;;;;;;
nov-46;92;;;;;;;;;;;;;;;
dic-46;92;;;;;;;;;;;;;;;
ene-47;92;;;;;;;;;;;;;;;
feb-47;92;;;;;;;;;;;;;;;
mar-47;92;;;;;;;;;;;;;;;
abr-47;92;;;;;;;;;;;;;;;
may-47;92;;;;;;;;;;;;;;;
jun-47;92;;;;;;;;;;;;;;;
jul-47;92;;;;;;;;;;;;;;;
ago-47;92;;;;;;;;;;;;;;;
sep-47;92;;;;;;;;;;;;;;;
oct-47;92;;;;;;;;;;;;;;;
nov-47;92;;;;;;;;;;;;;;;
dic-47;93;;;;;;;;;;;;;;;
ene-48;94;;;;;;;;;;;;;;;
feb-48;94;;;;;;;;;;;;;;;
mar-48;94;;;;;;;;;;;;;;;
abr-48;95;;;;;;;;;;;;;;;
may-48;98;;;;;;;;;;;;;;;
jun-48;103;;;;;;;;;;;;;;;
jul-48;105;;;;;;;;;;;;;;;
ago-48;108;;;;;;;;;;;;;;;
sep-48;108;;;;;;;;;;;;;;;
oct-48;108;;;;;;;;;;;;;;;
nov-48;108;;;;;;;;;;;;;;;
dic-48;119;;;;;;;;;;;;;;;
ene-49;123;;;;;;;;;;;;;;;
feb-49;123;;;;;;;;;;;;;;;
mar-49;123;;;;;;;;;;;;;;;
abr-49;123;;;;;;;;;;;;;;;
may-49;123;;;;;;;;;;;;;;;
jun-49;123;;;;;;;;;;;;;;;
jul-49;123;;;;;;;;;;;;;;;
ago-49;123;;;;;;;;;;;;;;;
sep-49;127;;;;;;;;;;;;;;;
oct-49;128;;;;;;;;;;;;;;;
nov-49;128;;;;;;;;;;;;;;;
dic-49;185;;;;;;;;;;;;;;;
ene-50;185;;;;;;;;;;;;;;;
feb-50;185;;;;;;;;;;;;;;;
mar-50;185;;;;;;;;;;;;;;;
abr-50;185;;;;;;;;;;;;;;;
may-50;185;;;;;;;;;;;;;;;
jun-50;185;;;;;;;;;;;;;;;
jul-50;185;;;;;;;;;;;;;;;
ago-50;185;;;;;;;;;;;;;;;
sep-50;185;;;;;;;;;;;;;;;
oct-50;185;;;;;;;;;;;;;;;
nov-50;185;;;;;;;;;;;;;;;
dic-50;185;;;;;;;;;;;;;;;
ene-51;185;;;;;;;;;;;;;;;
feb-51;185;;;;;;;;;;;;;;;
mar-51;206;;;;;;;;;;;;;;;
abr-51;228;;;;;;;;;;;;;;;
may-51;230;;;;;;;;;;;;;;;
jun-51;238;;;;;;;;;;;;;;;
jul-51;240;;;;;;;;;;;;;;;
ago-51;240;;;;;;;;;;;;;;;
sep-51;240;;;;;;;;;;;;;;;
oct-51;242;;;;;;;;;;;;;;;
nov-51;251;;;;;;;;;;;;;;;
dic-51;254;;;;;;;;;;;;;;;
ene-52;258;;;;;;;;;;;;;;;
feb-52;260;;;;;;;;;;;;;;;
mar-52;260;;;;;;;;;;;;;;;
abr-52;260;;;;;;;;;;;;;;;
may-52;260;;;;;;;;;;;;;;;
jun-52;260;;;;;;;;;;;;;;;
jul-52;260;;;;;;;;;;;;;;;
ago-52;260;;;;;;;;;;;;;;;
sep-52;260;;;;;;;;;;;;;;;
oct-52;260;;;;;;;;;;;;;;;
nov-52;260;;;;;;;;;;;;;;;
dic-52;260;;;;;;;;;;;;;;;
ene-53;260;;;;;;;;;;;;;;;
feb-53;260;;;;;;;;;;;;;;;
mar-53;260;;;;;;;;;;;;;;;
abr-53;260;;;;;;;;;;;;;;;
may-53;260;;;;;;;;;;;;;;;
jun-53;260;;;;;;;;;;;;;;;
jul-53;260;;;;;;;;;;;;;;;
ago-53;260;;;;;;;;;;;;;;;
sep-53;260;;;;;;;;;;;;;;;
oct-53;260;;;;;;;;;;;;;;;
nov-53;260;;;;;;;;;;;;;;;
dic-53;260;;;;;;;;;;;;;;;
ene-54;260;;;;;;;;;;;;;;;
feb-54;260;;;;;;;;;;;;;;;
mar-54;260;;;;;;;;;;;;;;;
abr-54;293;;;;;;;;;;;;;;;
may-54;381;;;;;;;;;;;;;;;
jun-54;390;;;;;;;;;;;;;;;
jul-54;390;;;;;;;;;;;;;;;
ago-54;390;;;;;;;;;;;;;;;
sep-54;390;;;;;;;;;;;;;;;
oct-54;367;;;;;;;;;;;;;;;
nov-54;350;;;;;;;;;;;;;;;
dic-54;350;;;;;;;;;;;;;;;
ene-55;350;;;;;;;;;;;;;;;
feb-55;320;;;;;;;;;;;;;;;
mar-55;305;;;;;;;;;;;;;;;
abr-55;305;;;;;;;;;;;;;;;
may-55;305;;;;;;;;;;;;;;;
jun-55;305;;;;;;;;;;;;;;;
jul-55;305;;;;;;;;;;;;;;;
ago-55;305;;;;;;;;;;;;;;;
sep-55;305;;;;;;;;;;;;;;;
oct-55;305;;;;;;;;;;;;;;;
nov-55;305;;;;;;;;;;;;;;;
dic-55;305;;;;;;;;;;;;;;;
ene-56;305;;;;;;;;;;;;;;;
feb-56;305;;;;;;;;;;;;;;;
mar-56;305;;;;;;;;;;;;;;;
abr-56;305;;;;;;;;;;;;;;;
may-56;305;;;;;;;;;;;;;;;
jun-56;305;;;;;;;;;;;;;;;
jul-56;305;;;;;;;;;;;;;;;
ago-56;305;;;;;;;;;;;;;;;
sep-56;305;;;;;;;;;;;;;;;
oct-56;305;;;;;;;;;;;;;;;
nov-56;337;;;;;;;;;;;;;;;
dic-56;415;;;;;;;;;;;;;;;
ene-57;425;;;;;;;;;;;;;;;
feb-57;428;;;;;;;;;;;;;;;
mar-57;435;;;;;;;;;;;;;;;
abr-57;435;;;;;;;;;;;;;;;
may-57;435;;;;;;;;;;;;;;;
jun-57;485;;;;;;;;;;;;;;;
jul-57;550;;;;;;;;;;;;;;;
ago-57;557;;;;;;;;;;;;;;;
sep-57;563;;;;;;;;;;;;;;;
oct-57;500;;;;;;;;;;;;;;;
nov-57;500;;;;;;;;;;;;;;;
dic-57;500;;;;;;;;;;;;;;;
ene-58;511;;;;;;;;;;;;;;;
feb-58;520;;;;;;;;;;;;;;;
mar-58;520;;;;;;;;;;;;;;;
abr-58;500;;;;;;;;;;;;;;;
may-58;490;;;;;;;;;;;;;;;
jun-58;490;;;;;;;;;;;;;;;
jul-58;472;;;;;;;;;;;;;;;
ago-58;440;;;;;;;;;;;;;;;
sep-58;440;;;;;;;;;;;;;;;
oct-58;426;;;;;;;;;;;;;;;
nov-58;421;;;;;;;;;;;;;;;
dic-58;380;;;;;;;;;;;;;;;
ene-59;380;;;;;;;;;;;;;;;
feb-59;380;;;;;;;;;;;;;;;
mar-59;380;;;;;;;;;;;;;;;
abr-59;380;;;;;;;;;;;;;;;
may-59;380;;;;;;;;;;;;;;;
jun-59;380;;;;;;;;;;;;;;;
jul-59;380;;;;;;;;;;;;;;;
ago-59;380;;;;;;;;;;;;;;;
sep-59;396;;;;;;;;;;;;;;;
oct-59;405;;;;;;;;;;;;;;;
nov-59;405;;;;;;;;;;;;;;;
dic-59;405;;;;;;;;;;;;;;;
ene-60;405;;;;;;;;;;;;;;;
feb-60;405;;;;;;;;;;;;;;;
mar-60;405;;;;;;;;;;;;;;;
abr-60;405;;;;;;;;;;;;;;;
may-60;424;;;;;;;;;;;;;;;
jun-60;438;;;;;;;;;;;;;;;
jul-60;438;;;;;;;;;;;;;;;
ago-60;438;;;;;;;;;;;;;;;
sep-60;438;;;;;;;;;;;;;;;
oct-60;438;;;;;;;;;;;;;;;
nov-60;457;;;;;;;;;;;;;;;
dic-60;465;;;;;;;;;;;;;;;
ene-61;465;;;;;;;;;;;;;;;
feb-61;465;;;;;;;;;;;;;;;
mar-61;465;;;;;;;;;;;;;;;
abr-61;465;;;;;;;;;;;;;;;
may-61;465;;;;;;;;;;;;;;;
jun-61;465;;;;;;;;;;;;;;;
jul-61;465;;;;;;;;;;;;;;;
ago-61;465;;;;;;;;;;;;;;;
sep-61;465;;;;;;;;;;;;;;;
oct-61;470;;;;;;;;;;;;;;;
nov-61;500;;;;;;;;;;;;;;;
dic-61;500;;;;;;;;;;;;;;;
ene-62;500;;;;;;;;;;;;;;;
feb-62;500;;;;;;;;;;;;;;;
mar-62;500;;;;;;;;;;;;;;;
abr-62;471;;;;;;;;;;;;;;;
may-62;465;;;;;;;;;;;;;;;
jun-62;465;;;;;;;;;;;;;;;
jul-62;465;;;;;;;;;;;;;;;
ago-62;465;;;;;;;;;;;;;;;
sep-62;465;;;;;;;;;;;;;;;
oct-62;465;;;;;;;;;;;;;;;
nov-62;473;;;;;;;;;;;;;;;
dic-62;500;;;;;;;;;;;;;;;
ene-63;500;;;;;;;;;;;;;;;
feb-63;516;;;;;;;;;;;;;;;
mar-63;565;;;;;;;;;;;;;;;
abr-63;565;;;;;;;;;;;;;;;
may-63;565;;;;;;;;;;;;;;;
jun-63;565;;;;;;;;;;;;;;;
jul-63;565;;;;;;;;;;;;;;;
ago-63;565;;;;;;;;;;;;;;;
sep-63;565;;;;;;;;;;;;;;;
oct-63;565;;;;;;;;;;;;;;;
nov-63;565;;;;;;;;;;;;;;;
dic-63;565;;;;;;;;;;;;;;;
ene-64;629;;;;;;;;;;;;;;;
feb-64;655;;;;;;;;;;;;;;;
mar-64;720;;;;;;;;;;;;;;;
abr-64;735;;;;;;;;;;;;;;;
may-64;735;;;;;;;;;;;;;;;
jun-64;735;;;;;;;;;;;;;;;
jul-64;735;;;;;;;;;;;;;;;
ago-64;735;;;;;;;;;;;;;;;
sep-64;735;;;;;;;;;;;;;;;
oct-64;735;;;;;;;;;;;;;;;
nov-64;735;;;;;;;;;;;;;;;
dic-64;735;;;;;;;;;;;;;;;
ene-65;735;;;;;;;;;;;;;;;
feb-65;735;;;;;;;;;;;;;;;
mar-65;720;;;;;;;;;;;;;;;
abr-65;713;;;;;;;;;;;;;;;
may-65;713;;;;;;;;;;;;;;;
jun-65;713;;;;;;;;;;;;;;;
jul-65;713;;;;;;;;;;;;;;;
ago-65;713;;;;;;;;;;;;;;;
sep-65;713;;;;;;;;;;;;;;;
oct-65;713;;;;;;;;;;;;;;;
nov-65;713;;;;;;;;;;;;;;;
dic-65;713;;;;;;;;;;;;;;;
ene-66;721;;;;;;;;;;;;;;;
feb-66;763;;;;;;;;;;;;;;;
mar-66;763;;;;;;;;;;;;;;;
abr-66;763;;;;;;;;;;;;;;;
may-66;763;;;;;;;;;;;;;;;
jun-66;763;;;;;;;;;;;;;;;
jul-66;763;;;;;;;;;;;;;;;
ago-66;763;;;;;;;;;;;;;;;
sep-66;763;;;;;;;;;;;;;;;
oct-66;763;;;;;;;;;;;;;;;
nov-66;763;;;;;;;;;;;;;;;
dic-66;738;;;;;;;;;;;;;;;
ene-67;731;;;;;;;;;;;;;;;
feb-67;715;;;;;;;;;;;;;;;
mar-67;715;;;;;;;;;;;;;;;
abr-67;715;;;;;;;;;;;;;;;
may-67;738;;;;;;;;;;;;;;;
jun-67;757;;;;;;;;;;;;;;;
jul-67;768;;;;;;;;;;;;;;;
ago-67;768;;;;;;;;;;;;;;;
sep-67;770;;;;;;;;;;;;;;;
oct-67;791;;;;;;;;;;;;;;;
nov-67;816;;;;;;;;;;;;;;;
dic-67;828;;;;;;;;;;;;;;;
ene-68;828;;;;;;;;;;;;;;;
feb-68;833;;;;;;;;;;;;;;;
mar-68;864;;;;;;;;;;;;;;;
abr-68;873;;;;;;;;;;;;;;;
may-68;889;;;;;;;;;;;;;;;
jun-68;890;;;;;;;;;;;;;;;
jul-68;896;;;;;;;;;;;;;;;
ago-68;905;;;;;;;;;;;;;;;
sep-68;912;;;;;;;;;;;;;;;
oct-68;924;;;;;;;;;;;;;;;
nov-68;929;;;;;;;;;;;;;;;
dic-68;929;;;;;;;;;;;;;;;
ene-69;929;;;;;;;;;;;;;;;
feb-69;929;;;;;;;;;;;;;;;
mar-69;929;;;;;;;;;;;;;;;
abr-69;908;;;;;;;;;;;;;;;
may-69;880;;;;;;;;;;;;;;;
jun-69;880;;;;;;;;;;;;;;;
jul-69;880;;;;;;;;;;;;;;;
ago-69;884;;;;;;;;;;;;;;;
sep-69;980;;;;;;;;;;;;;;;
oct-69;1.128;;;;;;;;;;;;;;;
nov-69;1.230;;;;;;;;;;;;;;;
dic-69;1.230;;;;;;;;;;;;;;;
ene-70;1.234;;;;;;;;;;;;;;;
feb-70;1.260;;;;;;;;;;;;;;;
mar-70;1.274;;;;;;;;;;;;;;;
abr-70;1.320;;;;;;;;;;;;;;;
may-70;1.320;;;;;;;;;;;;;;;
jun-70;1.320;;;;;;;;;;;;;;;
jul-70;1.320;;;;;;;;;;;;;;;
ago-70;1.320;;;;;;;;;;;;;;;
sep-70;1.320;;;;;;;;;;;;;;;
oct-70;1.320;;;;;;;;;;;;;;;
nov-70;1.320;;;;;;;;;;;;;;;
dic-70;1.320;;;;;;;;;;;;;;;
ene-71;1.320;;;;;;;;;;;;;;;
feb-71;1.266;;;;;;;;;;;;;;;
mar-71;1.225;;;;;;;;;;;;;;;
abr-71;1.225;;;;;;;;;;;;;;;
may-71;1.225;;;;;;;;;;;;;;;
jun-71;1.225;;;;;;;;;;;;;;;
jul-71;1.225;;;;;;;;;;;;;;;
ago-71;1.225;;;;;;;;;;;;;;;
sep-71;1.225;;;;;;;;;;;;;;;
oct-71;1.225;;;;;;;;;;;;;;;
nov-71;1.238;;;;;;;;;;;;;;;
dic-71;1.325;;;;;;;;;;;;;;;
ene-72;1.325;;;;;;;;;;;;;;;
feb-72;1.325;;;;;;;;;;;;;;;
mar-72;1.375;;;;;;;;;;;;;;;
abr-72;1.400;;;;;;;;;;;;;;;
may-72;1.408;;;;;;;;;;;;;;;
jun-72;1.459;;;;;;;;;;;;;;;
jul-72;1.546;;;;;;;;;;;;;;;
ago-72;1.610;;;;;;;;;;;;;;;
sep-72;1.610;;;;;;;;;;;;;;;
oct-72;1.626;;;;;;;;;;;;;;;
nov-72;1.655;;;;;;;;;;;;;;;
dic-72;1.655;;;;;;;;;;;;;;;
ene-73;1.705;;;;;;;;;;;;;;;
feb-73;1.775;;;;;;;;;;;;;;;
mar-73;1.900;;;;;;;;;;;;;;;
abr-73;1.985;;;;;;;;;;;;;;;
may-73;1.985;;;;;;;;;;;;;;;
jun-73;1.985;;;;;;;;;;;;;;;
jul-73;1.985;;;;;;;;;;;;;;;
ago-73;1.985;;;;;;;;;;;;;;;
sep-73;1.985;;;;;;;;;;;;;;;
oct-73;1.985;;;;;;;;;;;;;;;
nov-73;1.985;;;;;;;;;;;;;;;
dic-73;1.985;;;;;;;;;;;;;;;
ene-74;1.985;;;;;;;;;;;;;;;
feb-74;1.985;;;;;;;;;;;;;;;
mar-74;1.985;;;;;;;;;;;;;;;
abr-74;2.179;;;;;;;;;;;;;;;
may-74;2.263;;;;;;;;;;;;;;;
jun-74;2.263;;;;;;;;;;;;;;;
jul-74;2.263;;;;;;;;;;;;;;;
ago-74;2.263;;;;;;;;;;;;;;;
sep-74;2.263;;;;;;;;;;;;;;;
oct-74;2.263;;;;;;;;;;;;;;;
nov-74;2.281;;;;;;;;;;;;;;;
dic-74;2.489;;;;;;;;;;;;;;;
ene-75;2.500;;;;;;;;;;;;;;;
feb-75;2.500;;;;;;;;;;;;;;;
mar-75;2.500;;;;;;;;;;;;;;;
abr-75;2.435;;;;;;;;;;;;;;;
may-75;2.350;;;;;;;;;;;;;;;
jun-75;2.350;;;;;;;;;;;;;;;
jul-75;2.560;;;;;;;;;;;;;;;
ago-75;3.000;;;;;;;;;;;;;;;
sep-75;3.000;;;;;;;;;;;;;;;
oct-75;3.065;;;;;;;;;;;;;;;
nov-75;3.250;;;;;;;;;;;;;;;
dic-75;3.250;;;;;;;;;;;;;;;
ene-76;3.497;;;;;;;;;;;;;;;
feb-76;3.845;;;;;;;;;;;;;;;
mar-76;4.120;;;;;;;;;;;;;;;
abr-76;4.495;;;;;;;;;;;;;;;
may-76;4.495;;;;;;;;;;;;;;;
jun-76;6.078;;;;;;;;;;;;;;;
jul-76;6.560;;;;;;;;;;;;;;;
ago-76;6.560;;;;;;;;;;;;;;;
sep-76;6.560;;;;;;;;;;;;;;;
oct-76;6.560;;;;;;;;;;;;;;;
nov-76;6.619;;;;;;;;;;;;;;;
dic-76;7.000;;;;;;;;;;;;;;;
ene-77;7.000;;;;;;;;;;;;;;;
feb-77;7.000;;;;;;;;;;;;;;;
mar-77;7.000;;;;;;;;;;;;;;;
abr-77;7.000;;;;;;;;;;;;;;;
may-77;7.048;;;;;;;;;;;;;;;
jun-77;7.300;;;;;;;;;;;;;;;
jul-77;7.300;;;;;;;;;;;;;;;
ago-77;7.300;;;;;;;;;;;;;;;
sep-77;7.300;;;;;;;;;;;;;;;
oct-77;7.300;;;;;;;;;;;;;;;
nov-77;7.300;;;;;;;;;;;;;;;
dic-77;7.300;;;;;;;;;;;;;;;
ene-78;7.300;;;;;;;;;;;;;;;
feb-78;7.300;;;;;;;;;;;;;;;
mar-78;7.300;;;;;;;;;;;;;;;
abr-78;7.300;;;;;;;;;;;;;;;
may-78;7.300;;;;;;;;;;;;;;;
jun-78;7.300;;;;;;;;;;;;;;;
jul-78;7.300;;;;;;;;;;;;;;;
ago-78;7.300;;;;;;;;;;;;;;;
sep-78;7.300;;;;;;;;;;;;;;;
oct-78;7.300;;;;;;;;;;;;;;;
nov-78;7.300;;;;;;;;;;;;;;;
dic-78;7.300;;;;;;;;;;;;;;;
ene-79;7.300;;;;;;;;;;;;;;;
feb-79;7.236;;;;;;;;;;;;;;;
mar-79;6.400;;;;;;;;;;;;;;;
abr-79;6.400;;;;;;;;;;;;;;;
may-79;6.574;;;;;;;;;;;;;;;
jun-79;6.947;;;;;;;;;;;;;;;
jul-79;7.143;;;;;;;;;;;;;;;
ago-79;7.340;;;;;;;;;;;;;;;
sep-79;7.713;;;;;;;;;;;;;;;
oct-79;7.900;;;;;;;;;;;;;;;
nov-79;8.067;;;;;;;;;;;;;;;
dic-79;8.216;;;;;;;;;;;;;;;
ene-80;8.300;;;;;;;;;;;;;;;
feb-80;8.300;;;;;;;;;;;;;;;
mar-80;8.356;;;;;;;;;;;;;;;
abr-80;8.733;;;;;;;;;;;;;;;
may-80;8.733;;;;;;;;;;;;;;;
jun-80;8.733;;;;;;;;;;;;;;;
jul-80;8.733;;;;;;;;;;;;;;;
ago-80;8.733;;;;;;;;;;;;;;;
sep-80;8.733;;;;;;;;;;;;;;;
oct-80;8.733;;;;;;;;;;;;;;;
nov-80;8.733;;;;;;;;;;;;;;;
dic-80;9.140;;;;;;;;;;;;;;;
ene-81;9.200;;;;;;;;;;;;;;;
feb-81;9.200;;;;;;;;;;;;;;;
mar-81;9.200;;;;;;;;;;;;;;;
abr-81;9.200;;;;;;;;;;;;;;;
may-81;9.200;;;;;;;;;;;;;;;
jun-81;9.200;;;;;;;;;;;;;;;
jul-81;9.200;;;;;;;;;;;;;;;
ago-81;9.200;;;;;;;;;;;;;;;
sep-81;9.460;;;;;;;;;;;;;;;
oct-81;9.800;;;;;;;;;;;;;;;
nov-81;10.242;;;;;;;;;;;;;;;
dic-81;10.330;;;;;;;;;;;;;;;
ene-82;10.330;;;;;;;;;;;;;;;
feb-82;10.330;;;;;;;;;;;;;;;
mar-82;10.795;;;;;;;;;;;;;;;
abr-82;11.050;;;;;;;;;;;;;;;
may-82;11.050;;;;;;;;;;;;;;;
jun-82;11.050;;;;;;;;;;;;;;;
jul-82;11.050;;;;;;;;;;;;;;;
ago-82;11.050;;;;;;;;;;;;;;;
sep-82;11.050;;;;;;;;;;;;;;;
oct-82;12.100;;;;;;;;;;;;;;;
nov-82;12.100;;;;;;;;;;;;;;;
dic-82;12.100;;;;;;;;;;;;;;;
ene-83;12.100;;;;;;;;;;;;;;;
feb-83;12.100;;;;;;;;;;;;;;;
mar-83;12.100;;;;;;;;;;;;;;;
abr-83;12.637;;;;;;;;;;;;;;;
may-83;12.800;;;;;;;;;;;;;;;
jun-83;12.800;;;;;;;;;;;;;;;
jul-83;12.800;;;;;;;;;;;;;;;
ago-83;12.800;;;;;;;;;;;;;;;
sep-83;13.570;;;;;;;;;;;;;;;
oct-83;13.924;;;;;;;;;;;;;;;
nov-83;14.150;;;;;;;;;;;;;;;
dic-83;14.344;;;;;;;;;;;;;;;
ene-84;14.400;;;;;;;;;;;;;;;
feb-84;14.400;;;;;;;;;;;;;;;
mar-84;14.516;;;;;;;;;;;;;;;
abr-84;14.800;;;;;;;;;;;;;;;
may-84;15.058;;;;;;;;;;;;;;;
jun-84;15.200;;;;;;;;;;;;;;;
jul-84;15.200;;;;;;;;;;;;;;;
ago-84;15.484;;;;;;;;;;;;;;;
sep-84;16.300;;;;;;;;;;;;;;;
oct-84;16.300;;;;;;;;;;;;;;;
nov-84;16.487;;;;;;;;;;;;;;;
dic-84;17.000;;;;;;;;;;;;;;;
ene-85;17.000;;;;;;;;;;;;;;;
feb-85;17.000;;;;;;;;;;;;;;;
mar-85;18.100;;;;;;;;;;;;;;;
abr-85;18.100;;;;;;;;;;;;;;;
may-85;18.221;;;;;;;;;;;;;;;
jun-85;19.350;;;;;;;;;;;;;;;
jul-85;19.350;;;;;;;;;;;;;;;
ago-85;19.437;;;;;;;;;;;;;;;
sep-85;20.700;;;;;;;;;;;;;;;
oct-85;20.700;;;;;;;;;;;;;;;
nov-85;22.533;;;;;;;;;;;;;;;
dic-85;23.617;;;;;;;;;;;;;;;
ene-86;26.008;;;;;;;;;;;;;;;
feb-86;30.000;;;;;;;;;;;;;;;
mar-86;36.605;;;;;;;;;;;;;;;
abr-86;37.875;;;;;;;;;;;;;;;
may-86;39.185;;;;;;;;;;;;;;;
jun-86;39.500;;;;;;;;;;;;;;;
jul-86;39.500;;;;;;;;;;;;;;;
ago-86;39.500;;;;;;;;;;;;;;;
sep-86;39.500;;;;;;;;;;;;;;;
oct-86;39.952;;;;;;;;;;;;;;;
nov-86;41.250;;;;;;;;;;;;;;;
dic-86;41.250;;;;;;;;;;;;;;;
ene-87;41.250;;;;;;;;;;;;;;;
feb-87;41.250;;;;;;;;;;;;;;;
mar-87;41.250;;;;;;;;;;;;;;;
abr-87;41.250;;;;;;;;;;;;;;;
may-87;41.250;;;;;;;;;;;;;;;
jun-87;41.250;;;;;;;;;;;;;;;
jul-87;41.250;;;;;;;;;;;;;;;
ago-87;41.250;;;;;;;;;;;;;;;
sep-87;41.250;;;;;;;;;;;;;;;
oct-87;42.581;;;;;;;;;;;;;;;
nov-87;44.000;;;;;;;;;;;;;;;
dic-87;44.000;;;;;;;;;;;;;;;
ene-88;44.784;;;;;;;;;;;;;;;
feb-88;46.700;;;;;;;;;;;;;;;
mar-88;46.700;;;;;;;;;;;;;;;
abr-88;48.387;;;;;;;;;;;;;;;
may-88;49.000;;;;;;;;;;;;;;;
jun-88;49.000;;;;;;;;;;;;;;;
jul-88;49.000;;;;;;;;;;;;;;;
ago-88;49.000;;;;;;;;;;;;;;;
sep-88;49.000;;;;;;;;;;;;;;;
oct-88;51.129;;;;;;;;;;;;;;;
nov-88;55.000;;;;;;;;;;;;;;;
dic-88;55.000;;;;;;;;;;;;;;;
ene-89;55.000;;;;;;;;;;;;;;;
feb-89;55.000;;;;;;;;;;;;;;;
mar-89;55.658;;;;;;;;;;;;;;;
abr-89;61.800;;;;;;;;;;;;;;;
may-89;61.800;;;;;;;;;;;;;;;
jun-89;63.914;;;;;;;;;;;;;;;
jul-89;64.683;;;;;;;;;;;;;;;
ago-89;64.683;;;;;;;;;;;;;;;
sep-89;64.683;;;;;;;;;;;;;;;
oct-89;65.851;;;;;;;;;;;;;;;
nov-89;67.700;;;;;;;;;;;;;;;
dic-89;67.700;;;;;;;;;;;;;;;
ene-90;67.700;;;;;;;;;;;;;;;
feb-90;67.700;;;;;;;;;;;;;;;
mar-90;71.726;;;;;;;;;;;;;;;
abr-90;75.500;;;;;;;;;;;;;;;
may-90;75.500;;;;;;;;;;;;;;;
jun-90;75.500;;;;;;;;;;;;;;;
jul-90;75.500;;;;;;;;;;;;;;;
ago-90;75.500;;;;;;;;;;;;;;;
sep-90;84.050;;;;;;;;;;;;;;;
oct-90;85.000;;;;;;;;;;;;;;;
nov-90;85.000;;;;;;;;;;;;;;;
dic-90;85.000;;;;;;;;;;;;;;;
ene-91;85.000;;;;;;;;;;;;;;;
feb-91;85.000;;;;;;;;;;;;;;;
mar-91;88.024;;;;;;;;;;;;;;;
abr-91;94.375;;;;;;;;;;;;;;;
may-91;94.375;;;;;;;;;;;;;;;
jun-91;94.375;;;;;;;;;;;;;;;
jul-91;94.375;;;;;;;;;;;;;;;
ago-91;94.375;;;;;;;;;;;;;;;
sep-91;94.375;;;;;;;;;;;;;;;
oct-91;98.911;;;;;;;;;;;;;;;
nov-91;100.000;;;;;;;;;;;;;;;
dic-91;100.000;;;;;;;;;;;;;;;
ene-92;100.000;;;;;;;;;;;;;;;
feb-92;96.897;;;;;;;;;;;;;;;
mar-92;95.000;;;;;;;;;;;;;;;
abr-92;95.000;;;;;;;;;;;;;;;
may-92;95.000;;;;;;;;;;;;;;;
jun-92;95.000;;;;;;;;;;;;;;;
jul-92;89.839;;;;;;;;;;;;;;;
ago-92;85.000;;;;;;;;;;;;;;;
sep-92;85.000;;;;;;;;;;;;;;;
oct-92;85.000;;;;;;;;;;;;;;;
nov-92;85.000;;;;;;;;;;;;;;;
dic-92;85.000;;;;;;;;;;;;;;;
ene-93;85.000;;;;;;;;;;;;;;;
feb-93;85.000;;;;;;;;;;;;;;;
mar-93;85.000;;;;;;;;;;;;;;;
abr-93;90.729;;;;;;;;;;;;;;;
may-93;91.875;;;;;;;;;;;;;;;
jun-93;91.875;;;;;;;;;;;;;;;
jul-93;91.875;;;;;;;;;;;;;;;
ago-93;93.992;;;;;;;;;;;;;;;
sep-93;105.000;;;;;;;;;;;;;;;
oct-93;105.000;;;;;;;;;;;;;;;
nov-93;105.000;;;;;;;;;;;;;;;
dic-93;105.000;;;;;;;;;;;;;;;
ene-94;105.000;;;;;;;;;;;;;;;
feb-94;118.393;;;;;;;;;;;;;;;
mar-94;120.000;;;;;;;;;;;;;;;
abr-94;120.000;;;;;;;;;;;;;;;
may-94;127.742;;;;;;;;;;;;;;;
jun-94;142.367;;;;;;;;;;;;;;;
jul-94;170.129;;;;;;;;;;;;;;;
ago-94;180.000;;;;;;;;;;;;;;;
sep-94;200.688;;;;;;;;;;;;;;;
oct-94;207.460;;;;;;;;;;;;;;;
nov-94;204.563;;;;;;;;;;;;;;;
dic-94;197.782;;;;;;;;;;;;;;;
ene-95;197.129;;;;;;;;;;;;;;;
feb-95;194.656;;;;;;;;;;;;;;;
mar-95;195.488;;;;;;;;;;;;;;;
abr-95;196.408;;;;;;;;;;;;;;;
may-95;203.516;;;;;;;;;;;;;;;
jun-95;205.813;;;;;;;;;;;;;;;
jul-95;202.589;;;;;;;;;;;;;;;
ago-95;201.500;;;;;;;;;;;;;;;
sep-95;201.500;;;;;;;;;;;;;;;
oct-95;201.500;;;;;;;;;;;;;;;
nov-95;201.500;;;;;;;;;;;;;;;
dic-95;201.500;;;;;;;;;;;;;;;
ene-96;193.339;;;;;;;;;;;;;;;
feb-96;190.000;;;;;;;;;;;;;;;
mar-96;190.000;;;;;;;;;;;;;;;
abr-96;195.750;;;;;;;;;;;;;;;
may-96;201.500;;;;;;;;;;;;;;;
jun-96;201.500;;;;;;;;;;;;;;;
jul-96;201.500;;;;;;;;;;;;;;;
ago-96;213.565;;;;;;;;;;;;;;;
sep-96;235.500;;;;;;;;;;;;;;;
oct-96;235.500;;;;;;;;;;;;;;;
nov-96;235.500;;;;;;;;;;;;;;;
dic-96;225.113;;;;;;;;;;;;;;;
ene-97;221.500;;;;;;;;;;;;;;;
feb-97;269.638;;;;;;;;;;;;;;;
mar-97;358.867;;;;;;;;;;;;;;;
abr-97;346.692;;;;;;;;;;;;;;;
may-97;401.282;;;;;;;;;;;;;;;
jun-97;410.879;;;;;;;;;;;;;;;
jul-97;333.331;;;;;;;;;;;;;;;
ago-97;328.113;;;;;;;;;;;;;;;
sep-97;329.946;;;;;;;;;;;;;;;
oct-97;326.016;;;;;;;;;;;;;;;
nov-97;311.050;;;;;;;;;;;;;;;
dic-97;334.839;;;;;;;;;;;;;;;
ene-98;347.661;;;;;;;;;;;;;;;
feb-98;369.527;;;;;;;;;;;;;;;
mar-98;326.843;;;;;;;;;;;;;;;
abr-98;334.200;;;;;;;;;;;;;;;
may-98;304.161;;;;;;;;;;;;;;;
jun-98;300.192;;;;;;;;;;;;;;;
jul-98;300.000;;;;;;;;;;;;;;;
ago-98;300.278;;;;;;;;;;;;;;;
sep-98;300.000;;;;;;;;;;;;;;;
oct-98;307.258;;;;;;;;;;;;;;;
nov-98;320.675;;;;;;;;;;;;;;;
dic-98;314.948;;;;;;;;;;;;;;;
ene-99;323.524;;;;;;;;;;;;;;;
feb-99;312.500;;;;;;;;;;;;;;;
mar-99;312.500;;;;;;;;;;;;;;;
abr-99;312.500;;;;;;;;;;;;;;;
may-99;318.315;;;;;;;;;;;;;;;
jun-99;330.000;;;;;;;;;;;;;;;
jul-99;330.000;;;;;;;;;;;;;;;
ago-99;330.000;;;;;;;;;;;;;;;
sep-99;330.000;;;;;;;;;;;;;;;
oct-99;330.000;;;;;;;;;;;;;;;
nov-99;362.638;;;;;;;;;;;;;;;
dic-99;402.617;;;;;;;;;;;;;;;
ene-00;371.375;;;;;;;;;;;;;;;
feb-00;354.297;;;;;;;;;;;;;;;
mar-00;360.016;;;;;;;;;;;;;;;
abr-00;347.538;;;;;;;;;;;;;;;
may-00;353.750;;;;;;;;;;;;;;;
jun-00;341.688;;;;;;;;;;;;;;;
jul-00;345.190;;;;;;;;;;;;;;;
ago-00;330.113;;;;;;;;;;;;;;;
sep-00;330.000;;;;;;;;;;;;;;;
oct-00;330.000;;;;;;;;;;;;;;;
nov-00;330.000;;;;;;;;;;;;;;;
dic-00;330.000;;;;;;;;;;;;;;;
ene-01;321.671;;;;;;;;;;;;;;;
feb-01;291.527;;;;;;;;;;;;;;;
mar-01;297.145;;;;;;;;;;;;;;;
abr-01;313.350;;;;;;;;;;;;;;;
may-01;339.956;;;;;;;;;;;;;;;
jun-01;294.696;;;;;;;;;;;;;;;
jul-01;280.161;;;;;;;;;;;;;;;
ago-01;283.710;;;;;;;;;;;;;;;
sep-01;287.563;;;;;;;;;;;;;;;
oct-01;260.782;;;;;;;;;;;;;;;
nov-01;274.963;;;;;;;;;;;;;;;
dic-01;269.964;;;;;;;;;;;;;;;
ene-02;276.480;;;;;;;;;;;;;;;
feb-02;270.960;;;;;;;;;;;;;;;
mar-02;296.859;;;;;;;;;;;;;;;
abr-02;307.892;;;;;;;;;;;;;;;
may-02;284.464;;;;;;;;;;;;;;;
jun-02;277.875;;;;;;;;;;;;;;;
jul-02;264.823;;;;;;;;;;;;;;;
ago-02;260.185;;;;;;;;;;;;;;;
sep-02;302.300;;;;;;;;;;;;;;;
oct-02;311.722;;;;;;;;;;;;;;;
nov-02;322.517;;;;;;;;;;;;;;;
dic-02;285.694;;;;;;;;;;;;;;;
ene-03;323.838;;;;;;;;;;;;;;;
feb-03;320.897;;;;;;;;;;;;;;;
mar-03;299.593;;;;;;;;;;;;;;;
abr-03;312.583;;;;;;;;;;;;;;;
may-03;314.218;;;;;;;;;;;;;;;
jun-03;290.500;;;;;;;;;;;;;;;
jul-03;319.355;;;;;;;;;;;;;;;
ago-03;300.726;;;;;;;;;;;;;;;
sep-03;308.633;;;;;;;;;;;;;;;
oct-03;296.230;;;;;;;;;;;;;;;
nov-03;298.533;;;;;;;;;;;;;;;
dic-03;304.540;;;;;;;;;;;;;;;
ene-04;334.391;;;;;;;;;;;;;;;
feb-04;334.858;;;;;;;;;;;;;;;
mar-04;342.669;;;;;;;;;;;;;;;
abr-04;327.254;;;;;;;;;;;;;;;
may-04;346.230;;;;;;;;;;;;;;;
jun-04;379.408;;;;;;;;;;;;;;;
jul-04;320.315;;;;;;;;;;;;;;;
ago-04;317.887;;;;;;;;;;;;;;;
sep-04;351.521;;;;;;;;;;;;;;;
oct-04;351.024;;;;;;;;;;;;;;;
nov-04;388.121;;;;;;;;;;;;;;;
dic-04;422.786;;;;;;;;;;;;;;;
ene-05;417.661;;;;;;;;;;;;;;;
feb-05;484.335;;;;;;;;;;;;;;;
mar-05;558.593;;;;;;;;;;;;;;;
abr-05;518.929;;;;;;;;;;;;;;;
may-05;503.161;;;;;;;;;;;;;;;
jun-05;464.250;;;;;;;;;;;;;;;
jul-05;414.730;;;;;;;;;;;;;;;
ago-05;410.843;;;;;;;;;;;;;;;
sep-05;383.388;;;;;;;;;;;;;;;
oct-05;430.415;;;;;;;;;;;;;;;
nov-05;450.658;;;;;;;;;;;;;;;
dic-05;447.875;;;;;;;;;;;;;;;
ene-06;525.206;;;;;;;;;;;;;;;
feb-06;476.201;;;;;;;;;;;;;;;
mar-06;445.254;;;;;;;;;;;;;;;
abr-06;467.946;;;;;;;;;;;;;;;
may-06;457.887;;;;;;;;;;;;;;;
jun-06;449.379;;;;;;;;;;;;;;;
jul-06;451.754;;;;;;;;;;;;;;;
ago-06;461.024;;;;;;;;;;;;;;;
sep-06;441.821;;;;;;;;;;;;;;;
oct-06;429.121;;;;;;;;;;;;;;;
nov-06;475.658;;;;;;;;;;;;;;;
dic-06;509.867;;;;;;;;;;;;;;;
ene-07;477.403;;;;;;;;;;;;;;;
feb-07;471.286;;;;;;;;;;;;;;;
mar-07;440.387;;;;;;;;;;;;;;;
abr-07;424.708;;;;;;;;;;;;;;;
may-07;407.157;;;;;;;;;;;;;;;
jun-07;425.563;;;;;;;;;;;;;;;
jul-07;417.871;;;;;;;;;;;;;;;
ago-07;449.964;;;;;;;;;;;;;;;
sep-07;483.642;;;;;;;;;;;;;;;
oct-07;496.407;;;;;;;;;;;;;;;
nov-07;489.550;;;;;;;;;;;;;;;
dic-07;505.613;;;;;;;;;;;;;;;
ene-08;501.520;;;;;;;;;;;;;;;
feb-08;544.293;;;;;;;;;;;;;;;
mar-08;494.048;;;;;;;;;;;;;;;
abr-08;439.908;;;;;;;;;;;;;;;
may-08;435.077;;;;;;;;;;;;;;;
jun-08;455.125;;;;;;;;;;;;;;;
jul-08;463.806;;;;;;;;;;;;;;;
ago-08;499.935;;;;;;;;;;;;;;;
sep-08;542.379;;;;;;;;;;;;;;;
oct-08;515.869;;;;;;;;;;;;;;;
nov-08;523.921;;;;;;;;;;;;;;;
dic-08;509.230;;;;;;;;;;;;;;;
ene-09;570.742;;;;;;;;;;;;;;;
feb-09;638.629;;;;;;;;;;;;;;;
mar-09;660.395;;;;;;;;;;;;;;;
abr-09;765.396;;;;;;;;;;;;;;;
may-09;835.198;;;;;;;;;;;;;;;
jun-09;666.450;;;;;;;;;;;;;;;
jul-09;642.282;;;;;;;;;;;;;;;
ago-09;672.516;;;;;;;;;;;;;;;
sep-09;613.788;;;;;;;;;;;;;;;
oct-09;565.702;;;;;;;;;;;;;;;
nov-09;591.575;;;;;;;;;;;;;;;
dic-09;673.117;;;;;;;;;;;;;;;
ene-10;716.730;;;;;;;;;;;;;;;
feb-10;678.531;;;;;;;;;;;;;;;
mar-10;688.281;;;;;;;;;;;;;;;
abr-10;660.179;;;;;;;;;;;;;;;
may-10;676.952;;;;;;;;;;;;;;;
jun-10;750.263;;;;;;;;;;;;;;;
jul-10;810.629;;;;;;;;;;;;;;;
ago-10;834.798;;;;;;;;;;;;;;;
sep-10;801.608;;;;;;;;;;;;;;;
oct-10;751.222;;;;;;;;;;;;;;;
nov-10;790.296;;;;;;;;;;;;;;;
dic-10;896.589;;;;;;;;;;;;;;;
ene-11;948.323;;;;;;;;;;;;;;;
feb-11;1.024.314;;;;;;;;;;;;;;;
mar-11;1.079.008;;;;;;;;;;;;;;;
abr-11;1.070.912;;;;;;;;;;;;;;;
may-11;1.021.803;;;;;;;;;;;;;;;
jun-11;965.117;;;;;;;;;;;;;;;
jul-11;931.452;;;;;;;;;;;;;;;
ago-11;963.077;;;;;;;;;;;;;;;
sep-11;975.683;;;;;;;;;;;;;;;
oct-11;909.089;;;;;;;;;;;;;;;
nov-11;925.595;;;;;;;;;;;;;;;
dic-11;897.911;;;;;;;;;;;;;;;
ene-12;874.863;;;;;;;;;;;;;;;
feb-12;826.220;;;;;;;;;;;;;;;
mar-12;727.565;;;;;;;;;;;;;;;
abr-12;703.033;;;;;;;;;;;;;;;
may-12;670.335;;;;;;;;;;;;;;;
jun-12;592.504;;;;;;;;;;;;;;;
jul-12;648.097;;;;;;;;;;;;;;;
ago-12;611.621;;;;;;;;;;;;;;;
sep-12;623.425;;;;;;;;;;;;;;;
oct-12;589.464;;;;;;;;;;;;;;;
nov-12;538.683;;;;;;;;;;;;;;;
dic-12;521.262;;;;;;;;;;;;;;;
ene-13;527.980;;;;;;;;;;;;;;;
feb-13;504.406;;;;;;;;;;;;;;;
mar-13;512.520;;;;;;;;;;;;;;;
abr-13;515.554;;;;;;;;;;;;;;;
may-13;511.000;;;;;;;;;;;;;;;
jun-13;476.450;;;;;;;;;;;;;;;
jul-13;467.210;;;;;;;;;;;;;;;
ago-13;452.133;;;;;;;;;;;;;;;
sep-13;435.563;;;;;;;;;;;;;;;
oct-13;407.206;;;;;;;;;;;;;;;
nov-13;384.813;;;;;;;;;;;;;;;
dic-13;401.649;;;;;;;;;;;;;;;
ene-14;429.661;;;;;;;;;;;;;;;
feb-14;602.313;;;;;;;;;;;;;;;
mar-14;758.746;;;;;;;;;;;;;;;
abr-14;796.838;;;;;;;;;;;;;;;
may-14;743.899;;;;;;;;;;;;;;;
jun-14;664.917;;;;;;;;;;;;;;;
jul-14;644.649;;;;;;;;;;;;;;;
ago-14;715.621;;;;;;;;;;;;;;;
sep-14;715.708;;;;;;;;;;;;;;;
oct-14;805.931;;;;;;;;;;;;;;;
nov-14;771.579;;;;;;;;;;;;;;;
dic-14;781.746;;;;;;;;;;;;;;;
ene-15;768.548;;;;;;;;;;;;;;;
feb-15;724.982;;;;;;;;;;;;;;;
mar-15;684.923;;;;;;;;;;;;;;;
abr-15;687.371;;;;;;;;;;;;;;;
may-15;631.319;;;;;;;;;;;;;;;
jun-15;671.900;;;;;;;;;;;;;;;
jul-15;678.778;;;;;;;;;;;;;;;
ago-15;772.657;;;;;;;;;;;;;;;
sep-15;718.671;;;;;;;;;;;;;;;
oct-15;733.637;;;;;;;;;;;;;;;
nov-15;735.033;;;;;;;;;;;;;;;
dic-15;789.258;;;;;;;;;;;;;;;
ene-16;787.528;;;;;;;;;;;;;;;
feb-16;791.776;;;;;;;;;;;;;;;
mar-16;799.129;;;;;;;;;;;;;;;
abr-16;756.367;;;;;;;;;;;;;;;
may-16;755.323;;;;;;;;;;;;;;;
jun-16;794.433;;;;;;;;;;;;;;;
jul-16;835.516;;;;;;;;;;;;;;;
ago-16;794.032;;;;;;;;;;;;;;;
sep-16;860.867;;;;;;;;;;;;;;;
oct-16;914.613;;;;;;;;;;;;;;;
nov-16;1.007.533;;;;;;;;;;;;;;;
dic-16;860.806;;;;;;;;;;;;;;;
ene-17;883.226;;;;;;;;;;;;;;;
feb-17;859.286;;;;;;;;;;;;;;;
mar-17;850.065;;;;;;;;;;;;;;;
abr-17;804.900;;;;;;;;;;;;;;;
may-17;802.516;;;;;;;;;;;;;;;
jun-17;783.400;;;;;;;;;;;;;;;
jul-17;849.323;;;;;;;;;;;;;;;
ago-17;851.903;;;;;;;;;;;;;;;
sep-17;813.763;;;;;;;;;;;;;;;
oct-17;776.919;;;;;;;;;;;;;;;
nov-17;784.504;;;;;;;;;;;;;;;
dic-17;757.968;;;;;;;;;;;;;;;
ene-18;763.903;;;;;;;;;;;;;;;
feb-18;745.031;;;;;;;;;;;;;;;
mar-18;729.855;;;;;;;;;;;;;;;
abr-18;715.325;;;;;;;;;;;;;;;
may-18;754.210;;;;;;;;;;;;;;;
jun-18;746.400;;;;;;;;;;;;;;;
jul-18;717.839;;;;;;;;;;;;;;;
ago-18;705.065;;;;;;;;;;;;;;;
sep-18;686.933;;;;;;;;;;;;;;;
oct-18;796.774;;;;;;;;;;;;;;;
nov-18;804.283;;;;;;;;;;;;;;;
dic-18;727.645;;;;;;;;;;;;;;;
ene-19;727.274;;;;;;;;;;;;;;;
feb-19;708.089;;;;;;;;;;;;;;;
mar-19;690.581;;;;;;;;;;;;;;;
abr-19;680.567;;;;;;;;;;;;;;;
may-19;724.065;;;;;;;;;;;;;;;
jun-19;779.917;;;;;;;;;;;;;;;
jul-19;796.484;;;;;;;;;;;;;;;
ago-19;798.935;;;;;;;;;;;;;;;
sep-19;815.450;;;;;;;;;;;;;;;
oct-19;819.581;;;;;;;;;;;;;;;
nov-19;909.600;;;;;;;;;;;;;;;
dic-19;999.129;;;;;;;;;;;;;;;
ene-20;886.161;;;;;;;;;;;;;;;
feb-20;909.103;;;;;;;;;;;;;;;
mar-20;1.143.194;;;;;;;;;;;;;;;
abr-20;1.175.567;;;;;;;;;;;;;;;
may-20;1.068.871;;;;;;;;;;;;;;;
jun-20;962.800;;;;;;;;;;;;;;;
jul-20;1.001.452;;;;;;;;;;;;;;;
ago-20;1.143.968;;;;;;;;;;;;;;;
sep-20;1.142.233;;;;;;;;;;;;;;;
oct-20;1.052.484;;;;;;;;;;;;;;;
nov-20;1.044.700;;;;;;;;;;;;;;;
dic-20;1.047.677;;;;;;;;;;;;;;;
ene-21;1.073.194;;;;;;;;;;;;;;;
feb-21;1.113.536;;;;;;;;;;;;;;;
mar-21;1.156.032;;;;;;;;;;;;;;;
abr-21;1.207.433;;;;;;;;;;;;;;;
may-21;1.385.935;;;;;;;;;;;;;;;
jun-21;1.420.800;;;;;;;;;;;;;;;
jul-21;1.562.742;;;;;;;;;;;;;;;
ago-21;1.704.806;;;;;;;;;;;;;;;
sep-21;1.712.138;;;;;;;;;;;;;;;
oct-21;1.784.935;;;;;;;;;;;;;;;
;;;;;;;;;;;;;;;;
;;;;;;;;;;;;;;;;
